Musician_ID,Platform,Followers,Likes,Views,Date_Collected
M236,YouTube,10338,13878,453979,2026-03-01
M113,TikTok,2197,4644,23998,2026-03-01
M118,Instagram,266,123,6850,2026-03-01
M117,YouTube,7328,7788,320120,2026-03-01
M117,TikTok,19223,38328,460810,2026-03-01
M117,Instagram,6254,8660,119361,2026-03-01
M116,YouTube,2060,4935,40154,2026-03-01
M116,TikTok,4504,8507,9834383,2026-03-01
M116,Instagram,3076,3095,162026,2026-03-01
M221,YouTube,8550,10968,382721,2026-03-01
M224,Instagram,8998,20950,220909,2026-03-01
M224,TikTok,27221,60103,707945,2026-03-01
M224,YouTube,11570,11409,650656,2026-03-01
M113,YouTube,1256,1794,11122,2026-03-01
M113,Instagram,1919,1850,47640,2026-03-01
M118,YouTube,265,454,11936,2026-03-01
M361,YouTube,6522,2697,356227,2026-03-01
M421,Instagram,2749,3005,155577,2026-03-01
M421,TikTok,4465,8281,95174,2026-03-01
M421,YouTube,1261,535,15438,2026-03-01
M361,TikTok,19591,36504,214403,2026-03-01
M361,Instagram,12974,4055,151002,2026-03-01
M425,Instagram,18202,26647,223880,2026-03-01
M425,TikTok,19051,34331,1040621,2026-03-01
M425,YouTube,11558,8773,606070,2026-03-01
M426,Instagram,8565,11268,475329,2026-03-01
M106,YouTube,1495,634,75107,2026-03-01
M106,TikTok,4493,1602,203019,2026-03-01
M118,TikTok,828,462,5328,2026-03-01
M221,TikTok,17758,43217,381043,2026-03-01
M133,YouTube,4064,9018,66736,2026-03-01
M411,TikTok,13567,24010,531345,2026-03-01
M133,Instagram,7659,10243,150790,2026-03-01
M132,YouTube,17162,10894,817752,2026-03-01
M132,TikTok,18060,8844,687247,2026-03-01
M132,Instagram,21666,7865,383438,2026-03-01
M131,YouTube,4357,10814,224899,2026-03-01
M131,TikTok,9877,22025,416969,2026-03-01
M131,Instagram,7096,17562,350418,2026-03-01
M208,YouTube,2134,2518,75034,2026-03-01
M209,Instagram,13503,7762,341987,2026-03-01
M209,TikTok,15206,21209,486727,2026-03-01
M209,YouTube,5105,2237,127705,2026-03-01
M411,Instagram,4384,9344,48121,2026-03-01
M411,YouTube,3815,7309,105751,2026-03-01
M221,Instagram,12928,24031,443110,2026-03-01
M215,Instagram,14586,19833,684276,2026-03-01
M215,TikTok,13918,30932,104138,2026-03-01
M215,YouTube,10554,13082,360943,2026-03-01
M368,YouTube,11875,5522,352511,2026-03-01
M368,TikTok,32694,60214,1774073,2026-03-01
M122,YouTube,12287,11610,657264,2026-03-01
M122,TikTok,33041,67997,903411,2026-03-01
M122,Instagram,10502,7369,224779,2026-03-01
M120,YouTube,13332,15650,509986,2026-03-01
M120,TikTok,26437,24270,1461169,2026-03-01
M120,Instagram,12416,16335,71411,2026-03-01
M368,Instagram,15247,35097,329809,2026-03-01
M106,Instagram,2866,5683,153313,2026-03-01
M426,TikTok,13709,5029,570942,2026-03-01
M426,YouTube,5374,12524,126286,2026-03-01
M087,YouTube,3234,4690,190511,2026-03-01
M236,Instagram,11148,7121,216007,2026-03-01
M236,TikTok,15471,34352,714990,2026-03-01
M434,TikTok,3696,3640,87571,2026-03-01
M434,YouTube,2739,4945,82068,2026-03-01
M387,YouTube,3992,3068,64954,2026-03-01
M358,Instagram,568,1269,20082,2026-03-01
M239,Instagram,86,106,2758,2026-03-01
M239,TikTok,168,260,4174,2026-03-01
M239,YouTube,41,87,900,2026-03-01
M088,YouTube,4523,2790,137735,2026-03-01
M088,TikTok,10949,26041,477740,2026-03-01
M088,Instagram,12094,23555,423080,2026-03-01
M087,TikTok,4522,2941,26781,2026-03-01
M429,Instagram,2500,2250,40863,2026-03-01
M087,Instagram,2173,4158,114230,2026-03-01
M440,Instagram,7822,6616,216486,2026-03-01
M354,YouTube,2450,4303,68456,2026-03-01
M440,TikTok,16007,18653,472081,2026-03-01
M440,YouTube,10541,5582,581019,2026-03-01
M354,TikTok,11357,11915,635311,2026-03-01
M354,Instagram,5130,2239,294166,2026-03-01
M353,YouTube,6899,5805,146470,2026-03-01
M443,Instagram,6352,2373,225973,2026-03-01
M081,YouTube,53,36,2844,2026-03-01
M081,TikTok,133,110,1051,2026-03-01
M081,Instagram,32,59,951,2026-03-01
M358,TikTok,829,1366,34556,2026-03-01
M094,Instagram,8998,22159,366291,2026-03-01
M094,TikTok,9971,5272,311266,2026-03-01
M094,YouTube,6143,2777,297194,2026-03-01
M230,Instagram,2735,3530,116830,2026-03-01
M230,TikTok,11920,22767,635464,2026-03-01
M429,TikTok,3437,6318,58209,2026-03-01
M429,YouTube,2266,5638,68261,2026-03-01
M430,Instagram,11582,8977,324327,2026-03-01
M230,YouTube,3354,6891,119257,2026-03-01
M231,Instagram,16153,35354,308055,2026-03-01
M231,TikTok,28755,22618,752655,2026-03-01
M101,YouTube,2830,5187,104639,2026-03-01
M101,TikTok,6931,7888,266485,2026-03-01
M101,Instagram,3252,6462,28937,2026-03-01
M430,TikTok,24822,17664,1250233,2026-03-01
M430,YouTube,4835,2917,24551,2026-03-01
M231,YouTube,16377,17640,93163,2026-03-01
M232,Instagram,11640,7057,605447,2026-03-01
M232,TikTok,15644,10015,822875,2026-03-01
M232,YouTube,6773,10059,78910,2026-03-01
M233,Instagram,4646,6884,146078,2026-03-01
M233,TikTok,7953,15728,98231,2026-03-01
M233,YouTube,3093,5001,49073,2026-03-01
M434,Instagram,4519,10194,90983,2026-03-01
M096,YouTube,11889,12205,409055,2026-03-01
M096,TikTok,21331,46201,1238613,2026-03-01
M096,Instagram,16354,13118,250341,2026-03-01
M358,YouTube,354,546,15474,2026-03-01
M133,TikTok,7449,3856,388452,2026-03-01
M208,TikTok,2511,1800,94971,2026-03-01
M443,YouTube,6755,14879,292532,2026-03-01
M384,Instagram,7430,6164,370776,2026-03-01
M171,YouTube,6710,12703,66405,2026-03-01
M171,TikTok,17042,30552,486905,2026-03-01
M171,Instagram,8312,4205,177721,2026-03-01
M392,TikTok,4208,3343,1703164,2026-03-01
M392,YouTube,1406,1972,78899,2026-03-01
M393,Instagram,3021,2390,33958,2026-03-01
M393,TikTok,4446,8039,144160,2026-03-01
M393,YouTube,1873,3771,84351,2026-03-01
M384,TikTok,22574,23375,1318536,2026-03-01
M167,YouTube,9283,23019,354048,2026-03-01
M167,TikTok,17977,33603,712035,2026-03-01
M167,Instagram,12989,8392,271666,2026-03-01
M383,YouTube,7299,18055,396858,2026-03-01
M391,YouTube,6394,4915,220832,2026-03-01
M383,TikTok,18331,9035,702955,2026-03-01
M383,Instagram,10491,22918,566651,2026-03-01
M192,Instagram,8212,3935,236673,2026-03-01
M192,TikTok,16360,7672,1993477,2026-03-01
M162,YouTube,15028,28754,665604,2026-03-01
M162,TikTok,22664,8561,1122892,2026-03-01
M162,Instagram,19304,13700,893781,2026-03-01
M192,YouTube,7741,12496,125562,2026-03-01
M400,Instagram,6381,2869,75702,2026-03-01
M159,YouTube,38,28,1778,2026-03-01
M159,TikTok,80,155,2019,2026-03-01
M159,Instagram,46,28,605,2026-03-01
M392,Instagram,2610,5375,19038,2026-03-01
M391,TikTok,31654,24659,994602,2026-03-01
M208,Instagram,1662,3128,44784,2026-03-01
M177,YouTube,16298,20926,770629,2026-03-01
M389,TikTok,31121,77700,1327459,2026-03-01
M389,YouTube,7624,18390,215602,2026-03-01
M387,TikTok,7023,2425,107619,2026-03-01
M391,Instagram,12518,24012,694503,2026-03-01
M180,YouTube,8379,12635,68144,2026-03-01
M180,TikTok,22584,17378,1305853,2026-03-01
M180,Instagram,17603,37632,334840,2026-03-01
M387,Instagram,7501,16343,123986,2026-03-01
M386,YouTube,10900,7863,509813,2026-03-01
M178,YouTube,6833,11061,220437,2026-03-01
M178,TikTok,12427,16969,15204285,2026-03-01
M178,Instagram,8617,14225,341711,2026-03-01
M177,TikTok,23042,50450,310695,2026-03-01
M173,Instagram,84,136,3261,2026-03-01
M177,Instagram,20297,38563,936269,2026-03-01
M176,YouTube,207,66,7282,2026-03-01
M176,TikTok,832,966,40628,2026-03-01
M176,Instagram,395,304,23258,2026-03-01
M175,YouTube,7769,5236,350648,2026-03-01
M175,TikTok,18760,32735,569670,2026-03-01
M175,Instagram,6599,12765,93877,2026-03-01
M386,TikTok,14009,23755,432626,2026-03-01
M386,Instagram,7600,10937,444511,2026-03-01
M384,YouTube,8410,3010,150692,2026-03-01
M173,YouTube,65,125,1807,2026-03-01
M173,TikTok,269,251,4319,2026-03-01
M400,TikTok,6768,8023,289971,2026-03-01
M400,YouTube,3627,6616,196176,2026-03-01
M195,Instagram,8554,13023,224068,2026-03-01
M374,TikTok,8601,8611,190816,2026-03-01
M145,Instagram,19856,35448,669062,2026-03-01
M144,YouTube,5617,12603,253282,2026-03-01
M144,TikTok,19039,25496,962166,2026-03-01
M144,Instagram,10150,11493,406474,2026-03-01
M201,Instagram,19612,39364,1113537,2026-03-01
M201,TikTok,37828,75319,715875,2026-03-01
M201,YouTube,13929,29914,741083,2026-03-01
M202,Instagram,10775,9316,530607,2026-03-01
M202,TikTok,15017,12304,425985,2026-03-01
M202,YouTube,4539,10102,30143,2026-03-01
M375,Instagram,14970,4692,534764,2026-03-01
M374,YouTube,1837,578,56599,2026-03-01
M374,Instagram,4890,7848,205846,2026-03-01
M195,TikTok,20677,17797,111237,2026-03-01
M139,YouTube,4303,2403,118381,2026-03-01
M139,TikTok,16377,30029,369151,2026-03-01
M139,Instagram,5468,5321,201756,2026-03-01
M138,YouTube,2756,6466,148533,2026-03-01
M138,TikTok,7221,9706,1079853,2026-03-01
M138,Instagram,5495,10088,134380,2026-03-01
M207,Instagram,3505,3520,192301,2026-03-01
M207,TikTok,3248,6564,138855,2026-03-01
M135,YouTube,3883,7602,221701,2026-03-01
M135,TikTok,5116,3661,251676,2026-03-01
M135,Instagram,4916,11282,33542,2026-03-01
M207,YouTube,2322,5586,22440,2026-03-01
M145,TikTok,27714,12764,48431622,2026-03-01
M145,YouTube,6729,16657,77782,2026-03-01
M146,Instagram,2605,2969,106101,2026-03-01
M146,TikTok,8290,20713,431861,2026-03-01
M195,YouTube,4273,9912,243984,2026-03-01
M196,Instagram,20754,40043,926558,2026-03-01
M196,TikTok,33782,78275,2017030,2026-03-01
M404,Instagram,19342,16711,959763,2026-03-01
M196,YouTube,14939,35480,427448,2026-03-01
M376,YouTube,9666,4451,463608,2026-03-01
M153,YouTube,366,825,12193,2026-03-01
M153,TikTok,535,1102,26052,2026-03-01
M153,Instagram,599,1417,10400,2026-03-01
M404,TikTok,35395,69391,59577988,2026-03-01
M404,YouTube,9145,22512,449512,2026-03-01
M376,TikTok,15804,7199,12757669,2026-03-01
M151,YouTube,10533,7537,627938,2026-03-01
M151,TikTok,24180,14360,265084,2026-03-01
M151,Instagram,7342,7168,342790,2026-03-01
M150,YouTube,15417,32740,625348,2026-03-01
M150,TikTok,28854,31545,1285181,2026-03-01
M150,Instagram,17685,21332,107420,2026-03-01
M148,YouTube,5027,8503,119316,2026-03-01
M148,TikTok,11601,15182,94059,2026-03-01
M148,Instagram,7566,11583,386872,2026-03-01
M376,Instagram,11581,14077,668230,2026-03-01
M375,YouTube,11667,23838,314687,2026-03-01
M375,TikTok,37276,85184,1347483,2026-03-01
M146,YouTube,2810,3671,137727,2026-03-01
M443,TikTok,16665,29637,720322,2026-03-01
M389,Instagram,15003,8895,669754,2026-03-01
M353,TikTok,11472,10621,366651,2026-03-01
M465,TikTok,21033,12773,585110,2026-03-01
M491,Instagram,6095,13691,125573,2026-03-01
M048,TikTok,15589,25955,355869,2026-03-01
M048,Instagram,12478,8734,597287,2026-03-01
M332,YouTube,6011,12690,311445,2026-03-01
M314,TikTok,15946,17110,830374,2026-03-01
M314,YouTube,4930,2416,136857,2026-03-01
M332,TikTok,13854,29880,578515,2026-03-01
M465,Instagram,11563,10480,97056,2026-03-01
M465,YouTube,4844,1852,67440,2026-03-01
M491,YouTube,2604,3430,17002,2026-03-01
M332,Instagram,10327,18246,351179,2026-03-01
M275,Instagram,3552,7981,132419,2026-03-01
M275,TikTok,6017,11712,119733,2026-03-01
M275,YouTube,2561,2613,86932,2026-03-01
M019,Instagram,2,2,17,2026-03-01
M019,TikTok,7,15,353,2026-03-01
M019,YouTube,2,4,50,2026-03-01
M044,YouTube,4540,1599,202809,2026-03-01
M491,TikTok,7113,8599,223126,2026-03-01
M048,YouTube,7419,9487,105040,2026-03-01
M044,Instagram,4267,4445,26818,2026-03-01
M334,Instagram,97,133,1564,2026-03-01
M298,Instagram,16744,13025,814165,2026-03-01
M016,Instagram,4602,7819,82493,2026-03-01
M016,TikTok,10006,19295,575400,2026-03-01
M016,YouTube,2383,5931,34767,2026-03-01
M054,TikTok,15395,8666,99706,2026-03-01
M054,Instagram,11086,5062,448035,2026-03-01
M334,YouTube,132,327,6594,2026-03-01
M334,TikTok,248,398,6564,2026-03-01
M052,YouTube,7398,9838,352507,2026-03-01
M049,Instagram,23,14,950,2026-03-01
M052,TikTok,21410,44597,930245,2026-03-01
M052,Instagram,12466,28590,241191,2026-03-01
M051,YouTube,9834,7656,346709,2026-03-01
M051,TikTok,33477,28976,1670881,2026-03-01
M051,Instagram,21212,50734,619344,2026-03-01
M314,Instagram,7698,15855,114537,2026-03-01
M049,YouTube,21,32,166,2026-03-01
M049,TikTok,75,145,23988,2026-03-01
M044,TikTok,5686,11378,40040,2026-03-01
M043,YouTube,1508,3593,22781,2026-03-01
M298,YouTube,11662,13847,477532,2026-03-01
M283,TikTok,380,390,9511,2026-03-01
M478,Instagram,7413,2460,426336,2026-03-01
M478,TikTok,17857,34330,331628,2026-03-01
M478,YouTube,3951,6263,224078,2026-03-01
M025,YouTube,3328,5953,153584,2026-03-01
M282,Instagram,20959,18806,766959,2026-03-01
M282,TikTok,19956,18449,876909,2026-03-01
M282,YouTube,10826,6781,225886,2026-03-01
M283,Instagram,285,96,2398,2026-03-01
M283,YouTube,188,184,8053,2026-03-01
M025,Instagram,4180,9588,96389,2026-03-01
M286,YouTube,3192,2375,34081,2026-03-01
M481,YouTube,121,150,2864,2026-03-01
M481,TikTok,469,437,26530,2026-03-01
M029,YouTube,6481,3500,171778,2026-03-01
M029,TikTok,9551,7745,451500,2026-03-01
M029,Instagram,4473,7642,250236,2026-03-01
M481,Instagram,264,275,5820,2026-03-01
M286,TikTok,8884,21074,443640,2026-03-01
M025,TikTok,10340,4208,497074,2026-03-01
M325,YouTube,30,15,1720,2026-03-01
M043,TikTok,8515,20314,241186,2026-03-01
M471,Instagram,283,620,15956,2026-03-01
M043,Instagram,3881,7319,229242,2026-03-01
M353,Instagram,8967,16415,115896,2026-03-01
M469,Instagram,8587,4257,157008,2026-03-01
M469,TikTok,11383,13367,322500,2026-03-01
M469,YouTube,7147,6034,423713,2026-03-01
M470,Instagram,15518,6986,635197,2026-03-01
M470,TikTok,33371,34019,1419549,2026-03-01
M470,YouTube,11093,17970,513034,2026-03-01
M471,TikTok,624,833,27270,2026-03-01
M325,TikTok,91,118,3483,2026-03-01
M471,YouTube,215,443,9163,2026-03-01
M317,Instagram,5684,5696,327576,2026-03-01
M317,TikTok,11821,28810,113216,2026-03-01
M317,YouTube,4842,6284,207472,2026-03-01
M475,Instagram,6141,5959,363806,2026-03-01
M475,TikTok,12361,22434,3850932,2026-03-01
M475,YouTube,5511,9317,99033,2026-03-01
M325,Instagram,55,118,1406,2026-03-01
M298,TikTok,26096,27059,262312,2026-03-01
M054,YouTube,8784,4075,293183,2026-03-01
M286,Instagram,2730,3717,67771,2026-03-01
M260,Instagram,13545,22951,218347,2026-03-01
M257,TikTok,28934,49910,568734,2026-03-01
M250,Instagram,8376,18797,65402,2026-03-01
M257,YouTube,14441,32951,758257,2026-03-01
M312,Instagram,5078,11542,226351,2026-03-01
M312,TikTok,6304,2448,58151,2026-03-01
M249,YouTube,208,159,9012,2026-03-01
M249,TikTok,911,2000,45533,2026-03-01
M312,YouTube,2543,5738,32286,2026-03-01
M249,Instagram,268,284,6919,2026-03-01
M352,Instagram,12113,25810,283296,2026-03-01
M066,YouTube,5537,11507,167102,2026-03-01
M066,TikTok,14243,4423,486550,2026-03-01
M003,Instagram,21690,28268,369011,2026-03-01
M066,Instagram,6623,12820,361139,2026-03-01
M003,YouTube,10523,13136,112465,2026-03-01
M257,Instagram,12370,27954,690850,2026-03-01
M253,YouTube,3587,7917,24354,2026-03-01
M306,Instagram,1656,2157,17365,2026-03-01
M003,TikTok,28611,17925,701915,2026-03-01
M308,YouTube,6797,3965,110417,2026-03-01
M308,TikTok,10308,14203,386626,2026-03-01
M308,Instagram,10513,12654,627948,2026-03-01
M451,TikTok,18322,43939,122673,2026-03-01
M451,YouTube,9349,19694,548361,2026-03-01
M306,YouTube,793,1931,19125,2026-03-01
M250,YouTube,6801,14038,361117,2026-03-01
M306,TikTok,2782,1144,63760,2026-03-01
M250,TikTok,16822,10611,450135,2026-03-01
M070,YouTube,2492,2704,91526,2026-03-01
M070,TikTok,11516,21870,435362,2026-03-01
M070,Instagram,6441,14643,248190,2026-03-01
M253,Instagram,5315,4248,208910,2026-03-01
M253,TikTok,9742,3500,284962,2026-03-01
M076,Instagram,6843,10208,207728,2026-03-01
M002,YouTube,8002,3902,68348,2026-03-01
M260,TikTok,18417,15089,937406,2026-03-01
M339,YouTube,9269,6637,234745,2026-03-01
M339,Instagram,16486,20388,606456,2026-03-01
M076,TikTok,11150,10537,257748,2026-03-01
M076,YouTube,4264,4045,37565,2026-03-01
M246,YouTube,10054,23255,295750,2026-03-01
M445,YouTube,5643,4334,290011,2026-03-01
M445,TikTok,19613,19563,28641529,2026-03-01
M445,Instagram,11013,19128,327646,2026-03-01
M246,TikTok,32286,42996,1341532,2026-03-01
M300,YouTube,155,316,2846,2026-03-01
M300,TikTok,504,884,17427,2026-03-01
M300,Instagram,238,494,2026,2026-03-01
M246,Instagram,22960,52136,1265427,2026-03-01
M494,Instagram,52,92,1286,2026-03-01
M352,TikTok,25275,30726,352501,2026-03-01
M352,YouTube,16165,34385,384606,2026-03-01
M339,TikTok,15523,32313,4642835,2026-03-01
M451,Instagram,21103,16213,863851,2026-03-01
M494,TikTok,132,144,4870,2026-03-01
M343,YouTube,7727,16665,197376,2026-03-01
M260,YouTube,7720,5966,175080,2026-03-01
M313,Instagram,12317,25469,197862,2026-03-01
M313,TikTok,26178,24123,774492,2026-03-01
M062,YouTube,3238,5530,170799,2026-03-01
M062,TikTok,4858,6381,209404,2026-03-01
M002,TikTok,27061,46428,352677,2026-03-01
M002,Instagram,18556,18460,446162,2026-03-01
M062,Instagram,2974,4977,113510,2026-03-01
M343,TikTok,22899,46830,829429,2026-03-01
M313,YouTube,7425,6857,70891,2026-03-01
M343,Instagram,10431,14848,244717,2026-03-01
M494,YouTube,37,14,2074,2026-03-01
M292,Instagram,15,29,237,2025-12-01
M377,TikTok,31864,50406,749300,2025-12-01
M310,Instagram,15192,32585,726449,2025-12-01
M184,TikTok,23208,33940,875349,2025-12-01
M377,YouTube,11963,8561,82560,2025-12-01
M379,Instagram,5547,4475,290279,2025-12-01
M292,YouTube,8,7,54,2025-12-01
M184,Instagram,20089,19204,1067079,2025-12-01
M292,TikTok,20,10,1025,2025-12-01
M199,Instagram,9568,10045,274373,2025-12-01
M377,Instagram,15890,14481,229170,2025-12-01
M299,TikTok,19170,37761,988769,2025-12-01
M184,YouTube,6857,14430,293010,2025-12-01
M307,YouTube,1618,4005,89288,2025-12-01
M303,Instagram,424,546,11433,2025-12-01
M191,YouTube,1126,572,55977,2025-12-01
M191,TikTok,5812,9741,6317062,2025-12-01
M301,YouTube,13662,5698,358959,2025-12-01
M301,TikTok,17542,23312,310005,2025-12-01
M199,TikTok,15389,21710,589268,2025-12-01
M191,Instagram,2604,5196,29624,2025-12-01
M382,Instagram,5861,5719,172147,2025-12-01
M382,TikTok,8831,17203,470276,2025-12-01
M382,YouTube,2003,4580,58623,2025-12-01
M301,Instagram,14234,19634,216579,2025-12-01
M299,YouTube,7512,6687,432190,2025-12-01
M299,Instagram,4935,3137,127505,2025-12-01
M187,YouTube,380,707,16759,2025-12-01
M187,TikTok,996,1186,22126,2025-12-01
M303,TikTok,845,1956,49812,2025-12-01
M303,YouTube,249,285,10516,2025-12-01
M304,Instagram,13843,30031,169536,2025-12-01
M187,Instagram,265,519,11921,2025-12-01
M307,TikTok,3166,6885,71465,2025-12-01
M307,Instagram,1924,3232,34533,2025-12-01
M315,YouTube,5661,2372,103638,2025-12-01
M315,TikTok,20249,20853,268066,2025-12-01
M315,Instagram,11817,14425,153680,2025-12-01
M379,TikTok,20621,16592,960877,2025-12-01
M296,TikTok,218,393,3085,2025-12-01
M193,Instagram,4534,10521,197726,2025-12-01
M296,YouTube,147,175,4311,2025-12-01
M379,YouTube,3394,7391,153981,2025-12-01
M193,YouTube,6866,3180,107859,2025-12-01
M193,TikTok,15119,7320,876238,2025-12-01
M304,YouTube,8900,14450,149661,2025-12-01
M304,TikTok,26365,51331,1076778,2025-12-01
M296,Instagram,214,185,8699,2025-12-01
M276,Instagram,2372,3507,75266,2025-12-01
M199,YouTube,3488,1201,129220,2025-12-01
M266,YouTube,226,231,4669,2025-12-01
M344,Instagram,9401,12796,388347,2025-12-01
M261,Instagram,16082,21561,602308,2025-12-01
M261,TikTok,32095,11247,1587768,2025-12-01
M261,YouTube,11681,19985,176246,2025-12-01
M359,TikTok,9482,16260,100939,2025-12-01
M341,YouTube,1651,2238,19504,2025-12-01
M341,TikTok,2640,4266,53386,2025-12-01
M341,Instagram,3076,2126,132037,2025-12-01
M266,Instagram,238,174,1329,2025-12-01
M266,TikTok,335,720,8147,2025-12-01
M359,YouTube,2982,6867,59247,2025-12-01
M344,YouTube,5773,13348,241383,2025-12-01
M360,Instagram,8782,2766,84526,2025-12-01
M360,TikTok,30164,72853,1301130,2025-12-01
M360,YouTube,9844,7058,114730,2025-12-01
M267,Instagram,15189,25280,476273,2025-12-01
M227,YouTube,10889,23338,339616,2025-12-01
M227,TikTok,29073,35160,255408,2025-12-01
M227,Instagram,18636,27842,458016,2025-12-01
M267,TikTok,20904,34523,321980,2025-12-01
M267,YouTube,8405,17668,155216,2025-12-01
M268,Instagram,6812,16254,194422,2025-12-01
M344,TikTok,23729,47888,852818,2025-12-01
M345,Instagram,9609,7245,178918,2025-12-01
M328,Instagram,4186,10272,97838,2025-12-01
M238,Instagram,219,365,7113,2025-12-01
M242,YouTube,7432,3449,442986,2025-12-01
M242,TikTok,19741,14556,1153863,2025-12-01
M242,Instagram,12573,30520,275725,2025-12-01
M357,Instagram,9988,7793,158192,2025-12-01
M240,YouTube,5713,5456,164416,2025-12-01
M240,TikTok,17481,43543,109986,2025-12-01
M240,Instagram,11221,5167,269669,2025-12-01
M251,TikTok,16240,26988,812967,2025-12-01
M238,YouTube,158,287,3713,2025-12-01
M238,TikTok,674,1568,11101,2025-12-01
M357,TikTok,24140,46054,137074,2025-12-01
M345,TikTok,21058,9861,904364,2025-12-01
M357,YouTube,14606,23574,812915,2025-12-01
M251,YouTube,9822,19035,237573,2025-12-01
M252,Instagram,9683,22229,508303,2025-12-01
M252,TikTok,15069,28287,4494682,2025-12-01
M252,YouTube,4946,3329,200856,2025-12-01
M359,Instagram,4337,2924,215957,2025-12-01
M234,YouTube,4634,5438,249352,2025-12-01
M234,TikTok,13521,21009,14613942,2025-12-01
M234,Instagram,6929,7568,258054,2025-12-01
M345,YouTube,3593,5722,195804,2025-12-01
M268,TikTok,18963,19273,745807,2025-12-01
M268,YouTube,8440,20985,454761,2025-12-01
M362,Instagram,356,874,11834,2025-12-01
M373,YouTube,8842,13911,78629,2025-12-01
M277,TikTok,30017,60118,1443497,2025-12-01
M277,YouTube,6439,14755,241759,2025-12-01
M373,Instagram,8435,18793,205607,2025-12-01
M205,YouTube,120,111,3281,2025-12-01
M205,TikTok,377,261,19467,2025-12-01
M205,Instagram,149,326,6076,2025-12-01
M329,YouTube,1351,734,55918,2025-12-01
M329,TikTok,6334,6364,82951,2025-12-01
M329,Instagram,2407,5325,74120,2025-12-01
M373,TikTok,28327,56688,501506,2025-12-01
M280,Instagram,11544,10840,208403,2025-12-01
M338,YouTube,9490,20433,366692,2025-12-01
M280,TikTok,19333,24668,1001199,2025-12-01
M280,YouTube,7734,15657,294459,2025-12-01
M281,Instagram,13694,19421,127068,2025-12-01
M281,TikTok,11758,23099,145513,2025-12-01
M281,YouTube,6936,7112,205212,2025-12-01
M284,Instagram,337,727,3640,2025-12-01
M284,TikTok,417,306,15012,2025-12-01
M284,YouTube,197,270,2654,2025-12-01
M328,YouTube,2978,7382,156569,2025-12-01
M328,TikTok,4382,9421,134482,2025-12-01
M277,Instagram,10499,11518,425825,2025-12-01
M276,YouTube,1741,3785,64901,2025-12-01
M276,TikTok,4274,3047,142482,2025-12-01
M211,Instagram,434,969,12973,2025-12-01
M338,TikTok,21110,28145,249747,2025-12-01
M338,Instagram,8314,6796,218363,2025-12-01
M362,TikTok,690,819,27139,2025-12-01
M362,YouTube,307,191,4686,2025-12-01
M273,Instagram,2710,1280,154755,2025-12-01
M273,TikTok,4952,1910,296224,2025-12-01
M273,YouTube,3820,2207,209989,2025-12-01
M219,YouTube,2194,4313,77765,2025-12-01
M219,TikTok,3644,2029,198404,2025-12-01
M219,Instagram,2240,1587,89973,2025-12-01
M218,YouTube,2203,3055,86920,2025-12-01
M218,TikTok,3848,5579,132083,2025-12-01
M218,Instagram,3389,4125,159955,2025-12-01
M214,YouTube,3969,3506,217824,2025-12-01
M214,TikTok,13240,27491,458152,2025-12-01
M214,Instagram,7580,12957,69211,2025-12-01
M212,YouTube,16436,27482,342666,2025-12-01
M212,TikTok,30690,34287,851769,2025-12-01
M212,Instagram,12493,6157,556495,2025-12-01
M211,YouTube,162,176,7333,2025-12-01
M211,TikTok,478,1148,3877,2025-12-01
M251,Instagram,12002,17284,492925,2025-12-01
M155,YouTube,4065,8136,134310,2025-12-01
M446,TikTok,499,1130,29450,2025-12-01
M072,YouTube,11935,7885,436755,2025-12-01
M454,Instagram,19287,9152,1016861,2025-12-01
M452,YouTube,5723,12533,301120,2025-12-01
M452,TikTok,12764,30118,251236,2025-12-01
M452,Instagram,8513,4895,283968,2025-12-01
M072,Instagram,11544,19112,659796,2025-12-01
M072,TikTok,33625,20019,787566,2025-12-01
M449,YouTube,5764,10095,302256,2025-12-01
M444,YouTube,224,549,4689,2025-12-01
M449,TikTok,10867,23644,57239,2025-12-01
M074,Instagram,8721,7372,262168,2025-12-01
M074,TikTok,14376,27117,798397,2025-12-01
M074,YouTube,11999,26818,113189,2025-12-01
M449,Instagram,8627,11769,130720,2025-12-01
M446,YouTube,263,87,7685,2025-12-01
M068,YouTube,1434,1245,67493,2025-12-01
M068,TikTok,3926,1409,152902,2025-12-01
M068,Instagram,3278,5842,96476,2025-12-01
M067,YouTube,4590,9424,150012,2025-12-01
M067,TikTok,8552,7740,3939488,2025-12-01
M067,Instagram,4799,7936,127193,2025-12-01
M454,TikTok,28639,28052,1639677,2025-12-01
M454,YouTube,11828,5693,532868,2025-12-01
M456,Instagram,17744,22387,207722,2025-12-01
M063,YouTube,8569,15398,402703,2025-12-01
M063,TikTok,16171,34429,229384,2025-12-01
M063,Instagram,11615,22610,346379,2025-12-01
M061,YouTube,9816,6737,93300,2025-12-01
M061,TikTok,21330,38593,1198019,2025-12-01
M061,Instagram,7428,7915,155232,2025-12-01
M060,YouTube,10869,11919,488650,2025-12-01
M060,TikTok,28300,8521,17010985,2025-12-01
M446,Instagram,348,617,11722,2025-12-01
M444,TikTok,331,387,16420,2025-12-01
M104,YouTube,6026,2792,245596,2025-12-01
M093,YouTube,6238,10155,302144,2025-12-01
M437,Instagram,6051,6618,293024,2025-12-01
M436,YouTube,4966,10370,246254,2025-12-01
M436,TikTok,19912,30953,945489,2025-12-01
M436,Instagram,8208,6892,490658,2025-12-01
M093,Instagram,11382,23162,83051,2025-12-01
M093,TikTok,20750,13181,494266,2025-12-01
M095,Instagram,9237,15876,164479,2025-12-01
M079,Instagram,562,760,10302,2025-12-01
M095,TikTok,16491,33491,874953,2025-12-01
M095,YouTube,4104,9934,83391,2025-12-01
M102,Instagram,18617,19536,444560,2025-12-01
M102,TikTok,25466,62335,162931,2025-12-01
M102,YouTube,12518,10364,495783,2025-12-01
M104,Instagram,4838,11382,274954,2025-12-01
M437,TikTok,9702,6482,55852,2025-12-01
M437,YouTube,6462,2744,186539,2025-12-01
M438,Instagram,16635,22002,93959,2025-12-01
M438,TikTok,30238,57916,353694,2025-12-01
M438,YouTube,5009,6392,197304,2025-12-01
M439,Instagram,268,541,6123,2025-12-01
M439,TikTok,550,574,32724,2025-12-01
M439,YouTube,197,101,4617,2025-12-01
M085,YouTube,1909,3149,50504,2025-12-01
M085,TikTok,3894,5796,5272982,2025-12-01
M085,Instagram,1465,3463,81040,2025-12-01
M084,YouTube,3726,8741,52494,2025-12-01
M084,TikTok,13391,14435,307131,2025-12-01
M084,Instagram,9193,13085,305648,2025-12-01
M444,Instagram,272,452,15687,2025-12-01
M079,YouTube,199,217,7062,2025-12-01
M079,TikTok,965,1709,26433,2025-12-01
M060,Instagram,20853,10457,1166735,2025-12-01
M456,TikTok,17373,34271,779071,2025-12-01
M456,YouTube,7789,10716,193830,2025-12-01
M013,YouTube,12785,15448,551434,2025-12-01
M496,Instagram,3705,3276,90483,2025-12-01
M012,Instagram,226,170,1147,2025-12-01
M012,TikTok,627,1443,74826,2025-12-01
M012,YouTube,247,389,1293,2025-12-01
M013,Instagram,21321,21935,138817,2025-12-01
M013,TikTok,26259,45768,838688,2025-12-01
M492,YouTube,8168,9873,428921,2025-12-01
M461,Instagram,9732,11498,541433,2025-12-01
M492,TikTok,20284,42679,496022,2025-12-01
M015,Instagram,83,154,2115,2025-12-01
M015,TikTok,137,250,1688,2025-12-01
M015,YouTube,47,19,1535,2025-12-01
M492,Instagram,12018,20466,205652,2025-12-01
M020,Instagram,13195,14538,704091,2025-12-01
M009,YouTube,6989,7051,93965,2025-12-01
M009,TikTok,19756,7998,9172428,2025-12-01
M009,Instagram,17275,10078,919742,2025-12-01
M496,TikTok,13920,23588,712075,2025-12-01
M496,YouTube,4468,3599,119775,2025-12-01
M497,Instagram,8940,5512,255955,2025-12-01
M497,TikTok,19237,13595,12988461,2025-12-01
M497,YouTube,12374,7938,463635,2025-12-01
M499,Instagram,5172,11766,184301,2025-12-01
M499,TikTok,5221,10815,220471,2025-12-01
M499,YouTube,4331,3187,34621,2025-12-01
M005,YouTube,5684,7603,252292,2025-12-01
M005,TikTok,18422,42371,968024,2025-12-01
M005,Instagram,19103,29207,632695,2025-12-01
M004,YouTube,3871,9232,168266,2025-12-01
M004,TikTok,20844,31155,518643,2025-12-01
M004,Instagram,11056,7217,181757,2025-12-01
M020,TikTok,12737,24457,310710,2025-12-01
M020,YouTube,6873,9560,263920,2025-12-01
M028,Instagram,11737,21182,473486,2025-12-01
M468,Instagram,7959,5764,306212,2025-12-01
M461,TikTok,23518,56006,1090081,2025-12-01
M461,YouTube,6395,8584,184280,2025-12-01
M462,Instagram,12949,15110,465097,2025-12-01
M462,TikTok,16098,22541,733369,2025-12-01
M462,YouTube,10329,16417,228237,2025-12-01
M464,Instagram,3146,978,29054,2025-12-01
M050,YouTube,12655,15404,545349,2025-12-01
M050,TikTok,21333,41160,424342,2025-12-01
M050,Instagram,12951,15825,423236,2025-12-01
M464,TikTok,9574,10493,69244,2025-12-01
M464,YouTube,2280,4831,70013,2025-12-01
M467,Instagram,14879,17573,280284,2025-12-01
M467,TikTok,24039,25358,778825,2025-12-01
M467,YouTube,10633,11505,386224,2025-12-01
M468,TikTok,30974,32899,1360165,2025-12-01
M028,TikTok,19832,40852,401413,2025-12-01
M468,YouTube,7394,17467,426415,2025-12-01
M476,Instagram,4029,2588,61940,2025-12-01
M476,TikTok,8233,4792,150104,2025-12-01
M476,YouTube,6503,2158,51705,2025-12-01
M477,Instagram,231,371,7851,2025-12-01
M477,TikTok,246,437,604499,2025-12-01
M477,YouTube,120,86,6857,2025-12-01
M031,YouTube,6140,2815,191766,2025-12-01
M031,TikTok,9594,17060,222030,2025-12-01
M031,Instagram,7027,6965,231230,2025-12-01
M030,YouTube,98,41,4868,2025-12-01
M030,TikTok,262,268,10340,2025-12-01
M030,Instagram,142,329,2344,2025-12-01
M028,YouTube,5955,7066,326390,2025-12-01
M104,TikTok,16780,33593,679389,2025-12-01
M310,TikTok,38499,60706,1815775,2025-12-01
M424,YouTube,3252,5848,170646,2025-12-01
M414,Instagram,16369,29890,936230,2025-12-01
M124,YouTube,192,67,3227,2025-12-01
M402,TikTok,22547,34688,26450217,2025-12-01
M402,Instagram,8893,21199,287831,2025-12-01
M124,TikTok,354,589,3995,2025-12-01
M310,YouTube,11951,12360,146982,2025-12-01
M155,TikTok,10902,6466,336860,2025-12-01
M424,TikTok,4559,8640,204747,2025-12-01
M161,Instagram,4578,6739,112263,2025-12-01
M161,TikTok,11042,22098,523311,2025-12-01
M161,YouTube,3246,6590,168848,2025-12-01
M124,Instagram,356,385,21339,2025-12-01
M414,TikTok,35109,59084,1866894,2025-12-01
M414,YouTube,11523,11976,644517,2025-12-01
M130,TikTok,22794,52460,333926,2025-12-01
M415,TikTok,18009,32586,973299,2025-12-01
M415,YouTube,13687,14967,661902,2025-12-01
M155,Instagram,8253,7360,195738,2025-12-01
M137,YouTube,10931,11198,137734,2025-12-01
M412,YouTube,183,106,7368,2025-12-01
M154,TikTok,21426,20779,625943,2025-12-01
M412,TikTok,632,1575,14169,2025-12-01
M130,YouTube,8855,10054,411033,2025-12-01
M134,Instagram,3396,7554,192982,2025-12-01
M134,TikTok,4576,8210,136383,2025-12-01
M134,YouTube,2247,1952,107741,2025-12-01
M136,Instagram,11858,19949,425803,2025-12-01
M410,Instagram,5057,11136,243391,2025-12-01
M128,YouTube,3660,6788,161492,2025-12-01
M128,TikTok,6045,12136,3153675,2025-12-01
M128,Instagram,4427,4268,147011,2025-12-01
M410,TikTok,12105,29898,223203,2025-12-01
M136,TikTok,12313,23888,382470,2025-12-01
M402,YouTube,10595,14881,324642,2025-12-01
M136,YouTube,3818,4673,189280,2025-12-01
M137,Instagram,22015,12615,1092418,2025-12-01
M137,TikTok,32376,35026,669523,2025-12-01
M410,YouTube,6321,9691,264455,2025-12-01
M412,Instagram,372,381,6149,2025-12-01
M154,YouTube,9716,16075,234337,2025-12-01
M415,Instagram,9442,13158,392890,2025-12-01
M149,TikTok,28914,43973,193541,2025-12-01
M417,TikTok,16672,25845,884590,2025-12-01
M417,YouTube,10145,15237,120977,2025-12-01
M418,Instagram,20908,43177,675875,2025-12-01
M418,TikTok,32205,65290,1605632,2025-12-01
M418,YouTube,15599,34376,638425,2025-12-01
M396,YouTube,3891,9415,35441,2025-12-01
M149,Instagram,18418,11879,852809,2025-12-01
M147,YouTube,7223,17581,109499,2025-12-01
M174,Instagram,6137,8185,204025,2025-12-01
M142,YouTube,2676,2866,35420,2025-12-01
M174,TikTok,11287,4716,18782979,2025-12-01
M174,YouTube,6967,16573,395034,2025-12-01
M179,Instagram,17083,34107,702646,2025-12-01
M179,TikTok,20068,47944,218928,2025-12-01
M179,YouTube,10718,22423,475530,2025-12-01
M147,Instagram,11095,15276,641058,2025-12-01
M147,TikTok,19195,34073,1064334,2025-12-01
M424,Instagram,4552,8706,242036,2025-12-01
M142,TikTok,9074,20509,468485,2025-12-01
M130,Instagram,7795,14501,154564,2025-12-01
M115,Instagram,4901,9142,212053,2025-12-01
M165,TikTok,36022,61661,916495,2025-12-01
M396,TikTok,10780,24493,58900,2025-12-01
M417,Instagram,15000,31122,115267,2025-12-01
M115,YouTube,2839,6484,28598,2025-12-01
M115,TikTok,3957,5402,22254,2025-12-01
M154,Instagram,12953,23046,557445,2025-12-01
M165,Instagram,15427,19557,579812,2025-12-01
M165,YouTube,12830,17327,361205,2025-12-01
M396,Instagram,2760,3321,92214,2025-12-01
M149,YouTube,11469,13689,418002,2025-12-01
M142,Instagram,2951,6864,61566,2025-12-01
M479,Instagram,10,3,560,2025-09-01
M483,Instagram,19131,40693,329858,2025-09-01
M482,YouTube,7910,8389,445772,2025-09-01
M482,TikTok,15913,11048,699044,2025-09-01
M331,Instagram,13306,4086,541746,2025-09-01
M472,TikTok,21391,34175,331949,2025-09-01
M479,TikTok,16,5,625,2025-09-01
M479,YouTube,5,7,89,2025-09-01
M472,YouTube,10063,16439,596365,2025-09-01
M326,Instagram,5565,10257,328094,2025-09-01
M405,Instagram,9611,20675,133077,2025-09-01
M326,TikTok,19429,36651,1050844,2025-09-01
M326,YouTube,8052,13160,283034,2025-09-01
M482,Instagram,10169,15961,537410,2025-09-01
M480,YouTube,7476,8786,217300,2025-09-01
M480,TikTok,23750,40725,758183,2025-09-01
M403,Instagram,4544,4625,216797,2025-09-01
M403,YouTube,3956,2358,202570,2025-09-01
M403,TikTok,12237,21428,212031,2025-09-01
M480,Instagram,18558,10843,980634,2025-09-01
M484,YouTube,3561,5797,26305,2025-09-01
M324,YouTube,14953,25131,539756,2025-09-01
M324,TikTok,29519,53013,1454537,2025-09-01
M399,Instagram,7348,15121,344810,2025-09-01
M397,YouTube,9704,7587,219102,2025-09-01
M397,TikTok,33665,35752,1431916,2025-09-01
M397,Instagram,15550,27131,236750,2025-09-01
M381,TikTok,20766,31127,3302187,2025-09-01
M381,YouTube,9064,13214,355443,2025-09-01
M495,Instagram,2844,2822,42741,2025-09-01
M495,TikTok,6935,13321,231428,2025-09-01
M495,YouTube,1348,2076,20382,2025-09-01
M395,YouTube,7743,9955,325863,2025-09-01
M395,TikTok,24962,52917,949861,2025-09-01
M395,Instagram,11754,22152,80082,2025-09-01
M394,YouTube,2073,4120,71857,2025-09-01
M394,TikTok,4967,4975,115382,2025-09-01
M394,Instagram,3100,6354,74806,2025-09-01
M500,Instagram,3121,5442,144607,2025-09-01
M390,YouTube,10350,16358,334563,2025-09-01
M311,YouTube,3541,1410,201198,2025-09-01
M311,TikTok,4770,4473,106891,2025-09-01
M311,Instagram,3460,5760,35508,2025-09-01
M500,TikTok,4532,8209,28654,2025-09-01
M399,TikTok,5623,2165,269226,2025-09-01
M381,Instagram,13757,29128,199296,2025-09-01
M490,YouTube,8190,4988,272697,2025-09-01
M484,Instagram,6245,13034,193741,2025-09-01
M324,Instagram,13562,24956,532063,2025-09-01
M322,YouTube,7074,11111,245568,2025-09-01
M322,TikTok,36378,66927,569058,2025-09-01
M322,Instagram,20093,6315,633123,2025-09-01
M320,YouTube,2821,1731,19461,2025-09-01
M320,TikTok,8486,14271,361724,2025-09-01
M320,Instagram,3453,3049,159677,2025-09-01
M483,TikTok,20337,8362,277963,2025-09-01
M483,YouTube,12150,29638,491125,2025-09-01
M318,YouTube,8598,9589,293491,2025-09-01
M490,TikTok,11499,4547,95439,2025-09-01
M318,TikTok,21167,17043,916412,2025-09-01
M318,Instagram,15526,17124,757136,2025-09-01
M484,TikTok,6361,14287,229463,2025-09-01
M331,YouTube,11153,4547,590882,2025-09-01
M489,Instagram,15214,20021,115362,2025-09-01
M489,TikTok,35943,82144,1998597,2025-09-01
M489,YouTube,10654,14503,86305,2025-09-01
M490,Instagram,10857,12145,77867,2025-09-01
M399,YouTube,2117,1926,100126,2025-09-01
M331,TikTok,27286,58869,141664,2025-09-01
M337,TikTok,23998,57031,492400,2025-09-01
M472,Instagram,11330,24835,577921,2025-09-01
M371,Instagram,13426,28957,622765,2025-09-01
M416,YouTube,6137,5412,228919,2025-09-01
M365,TikTok,33994,64588,445842,2025-09-01
M365,YouTube,11300,9649,164737,2025-09-01
M356,Instagram,1205,644,28422,2025-09-01
M416,TikTok,14846,20210,307164,2025-09-01
M441,Instagram,1193,2439,66255,2025-09-01
M441,TikTok,4011,3589,166124,2025-09-01
M441,YouTube,1596,2897,87567,2025-09-01
M416,Instagram,7292,6687,317696,2025-09-01
M390,TikTok,16139,23401,759097,2025-09-01
M350,YouTube,5395,11073,290389,2025-09-01
M350,TikTok,14542,16190,849429,2025-09-01
M350,Instagram,10485,20737,549899,2025-09-01
M349,YouTube,5289,11794,205331,2025-09-01
M349,TikTok,18429,5585,954512,2025-09-01
M369,Instagram,6681,14392,52424,2025-09-01
M369,TikTok,7476,5839,52098,2025-09-01
M369,YouTube,4872,1661,204754,2025-09-01
M370,Instagram,8996,11841,527205,2025-09-01
M349,Instagram,6549,14088,86865,2025-09-01
M370,TikTok,17233,12102,414445,2025-09-01
M356,TikTok,1662,2380,91076,2025-09-01
M356,YouTube,810,1722,27607,2025-09-01
M365,Instagram,11017,16469,621080,2025-09-01
M433,TikTok,5767,9630,295681,2025-09-01
M423,YouTube,72,117,3323,2025-09-01
M423,TikTok,201,312,9029,2025-09-01
M431,Instagram,9984,7250,394784,2025-09-01
M431,TikTok,22466,56000,757236,2025-09-01
M431,YouTube,11761,23898,687063,2025-09-01
M432,Instagram,18734,8434,1023686,2025-09-01
M432,TikTok,25010,13632,161289,2025-09-01
M432,YouTube,10440,15981,89806,2025-09-01
M433,Instagram,3108,6470,184453,2025-09-01
M433,YouTube,4735,10843,51136,2025-09-01
M364,YouTube,15405,12000,381454,2025-09-01
M423,Instagram,77,156,2499,2025-09-01
M422,YouTube,4045,3593,54609,2025-09-01
M422,TikTok,10835,19316,410232,2025-09-01
M422,Instagram,8845,21694,422209,2025-09-01
M363,Instagram,11492,15003,479691,2025-09-01
M363,TikTok,25159,60221,1389349,2025-09-01
M363,YouTube,5689,9707,67167,2025-09-01
M364,Instagram,20775,39109,743455,2025-09-01
M364,TikTok,17696,9011,274072,2025-09-01
M370,YouTube,7313,15238,434270,2025-09-01
M348,YouTube,1743,3512,65563,2025-09-01
M405,TikTok,21142,19482,34076212,2025-09-01
M348,TikTok,2742,1462,2908070,2025-09-01
M459,TikTok,282,245,13516,2025-09-01
M459,YouTube,108,147,2698,2025-09-01
M409,Instagram,7256,2361,77170,2025-09-01
M408,YouTube,5989,2672,224904,2025-09-01
M463,Instagram,5715,6288,118949,2025-09-01
M337,YouTube,7183,15797,278571,2025-09-01
M337,Instagram,15839,21828,511838,2025-09-01
M336,YouTube,3312,4439,82703,2025-09-01
M336,TikTok,8583,16680,457992,2025-09-01
M336,Instagram,4450,1811,109607,2025-09-01
M463,TikTok,17997,25964,613825,2025-09-01
M463,YouTube,6337,15787,194806,2025-09-01
M408,TikTok,26569,19982,239577,2025-09-01
M408,Instagram,11542,11466,613384,2025-09-01
M406,YouTube,65,72,613,2025-09-01
M406,TikTok,274,573,2830,2025-09-01
M466,Instagram,85,42,3680,2025-09-01
M466,TikTok,353,743,6406,2025-09-01
M466,YouTube,129,69,1439,2025-09-01
M406,Instagram,102,213,5684,2025-09-01
M405,YouTube,6224,3143,176950,2025-09-01
M459,Instagram,129,40,5741,2025-09-01
M458,YouTube,3054,1012,132626,2025-09-01
M458,TikTok,8458,17743,116355,2025-09-01
M371,YouTube,11143,8724,458713,2025-09-01
M348,Instagram,2353,3704,130292,2025-09-01
M347,YouTube,10882,11033,293655,2025-09-01
M347,TikTok,36185,73823,2124292,2025-09-01
M347,Instagram,11186,5827,385595,2025-09-01
M346,YouTube,4607,11434,70279,2025-09-01
M346,TikTok,13144,14947,573086,2025-09-01
M346,Instagram,3600,3231,24858,2025-09-01
M409,YouTube,7512,4378,68707,2025-09-01
M371,TikTok,33986,63250,607205,2025-09-01
M455,Instagram,4278,7895,124132,2025-09-01
M458,Instagram,3735,5929,183221,2025-09-01
M455,TikTok,10144,23274,548404,2025-09-01
M455,YouTube,3753,7999,171316,2025-09-01
M372,Instagram,19828,34219,1157232,2025-09-01
M409,TikTok,26400,45649,428066,2025-09-01
M342,YouTube,7370,4278,271551,2025-09-01
M342,TikTok,21803,24211,651106,2025-09-01
M342,Instagram,13541,29517,506539,2025-09-01
M372,TikTok,29315,58909,887309,2025-09-01
M372,YouTube,10425,14092,616210,2025-09-01
M390,Instagram,15963,21966,777718,2025-09-01
M001,Instagram,3628,3839,141700,2025-09-01
M143,Instagram,338,602,16741,2025-09-01
M091,TikTok,12222,17102,10920633,2025-09-01
M125,Instagram,5686,4648,183421,2025-09-01
M125,TikTok,8695,6552,383222,2025-09-01
M125,YouTube,4255,9150,66326,2025-09-01
M140,Instagram,378,464,20797,2025-09-01
M140,TikTok,539,738,5395,2025-09-01
M140,YouTube,269,112,7928,2025-09-01
M143,TikTok,730,1599,30086,2025-09-01
M143,YouTube,251,439,1921,2025-09-01
M157,Instagram,2385,5918,41540,2025-09-01
M157,TikTok,3564,7695,94060,2025-09-01
M157,YouTube,1447,981,80962,2025-09-01
M158,Instagram,2546,4190,112956,2025-09-01
M158,TikTok,3530,8770,163939,2025-09-01
M158,YouTube,2830,1093,73467,2025-09-01
M168,Instagram,2832,6840,96116,2025-09-01
M123,YouTube,7302,10893,314605,2025-09-01
M123,TikTok,28544,39514,365869,2025-09-01
M123,Instagram,9574,9929,433428,2025-09-01
M111,Instagram,6835,8479,190563,2025-09-01
M092,Instagram,9575,5523,291324,2025-09-01
M092,TikTok,33454,59288,400143,2025-09-01
M092,YouTube,13658,28439,761473,2025-09-01
M107,Instagram,1649,3894,79510,2025-09-01
M107,TikTok,4969,4600,11265231,2025-09-01
M107,YouTube,1719,4292,49864,2025-09-01
M111,TikTok,6725,5556,4935911,2025-09-01
M121,YouTube,2240,5171,44999,2025-09-01
M111,YouTube,2125,1410,20712,2025-09-01
M114,Instagram,5144,12455,231419,2025-09-01
M114,TikTok,12778,6478,737936,2025-09-01
M114,YouTube,4002,8795,107766,2025-09-01
M121,Instagram,2436,3202,16102,2025-09-01
M121,TikTok,3840,6906,1433434,2025-09-01
M168,TikTok,6705,11388,244525,2025-09-01
M168,YouTube,2395,5514,73720,2025-09-01
M169,Instagram,232,259,4197,2025-09-01
M217,YouTube,8039,11324,239893,2025-09-01
M210,YouTube,458,530,3142,2025-09-01
M213,Instagram,1403,2660,61887,2025-09-01
M213,TikTok,2084,1015,27255,2025-09-01
M213,YouTube,1128,979,51808,2025-09-01
M217,Instagram,18852,19914,574496,2025-09-01
M217,TikTok,29774,58375,861571,2025-09-01
M223,Instagram,138,240,4339,2025-09-01
M210,Instagram,382,716,5009,2025-09-01
M223,TikTok,314,714,2989,2025-09-01
M223,YouTube,118,36,5905,2025-09-01
M226,Instagram,17569,37815,539494,2025-09-01
M226,TikTok,18620,36309,857397,2025-09-01
M226,YouTube,9248,8766,351299,2025-09-01
M229,Instagram,2916,2725,153707,2025-09-01
M210,TikTok,642,445,10380,2025-09-01
M204,YouTube,13789,6508,177452,2025-09-01
M169,TikTok,426,605,19879,2025-09-01
M181,YouTube,8967,18449,194241,2025-09-01
M169,YouTube,237,251,5914,2025-09-01
M172,Instagram,2045,1446,26717,2025-09-01
M172,TikTok,3503,2352,37390,2025-09-01
M172,YouTube,1709,1422,72180,2025-09-01
M181,Instagram,13488,21037,556446,2025-09-01
M181,TikTok,21946,23229,1301510,2025-09-01
M194,Instagram,19850,7793,1050746,2025-09-01
M204,TikTok,21821,37935,693714,2025-09-01
M194,TikTok,33490,69605,12102899,2025-09-01
M194,YouTube,7508,16668,67701,2025-09-01
M198,Instagram,8724,6112,215000,2025-09-01
M198,TikTok,28073,39794,905148,2025-09-01
M198,YouTube,5682,7069,75487,2025-09-01
M204,Instagram,16134,27474,892216,2025-09-01
M091,YouTube,2776,4074,121629,2025-09-01
M091,Instagram,7307,4266,359738,2025-09-01
M229,YouTube,1579,2565,30825,2025-09-01
M090,YouTube,2507,2090,135350,2025-09-01
M023,YouTube,3032,3795,139952,2025-09-01
M024,Instagram,3293,8148,106269,2025-09-01
M024,TikTok,9302,4956,106282,2025-09-01
M024,YouTube,5146,8385,206600,2025-09-01
M026,Instagram,13109,25097,760033,2025-09-01
M026,TikTok,24546,40562,658103,2025-09-01
M026,YouTube,9431,18742,449640,2025-09-01
M027,Instagram,130,299,4714,2025-09-01
M027,TikTok,429,572,13858,2025-09-01
M027,YouTube,158,260,7593,2025-09-01
M032,Instagram,6515,11660,207726,2025-09-01
M032,TikTok,11474,8756,685965,2025-09-01
M032,YouTube,2103,3808,64411,2025-09-01
M034,Instagram,16769,23515,344412,2025-09-01
M034,TikTok,19720,14119,729449,2025-09-01
M023,TikTok,11428,18390,8967919,2025-09-01
M023,Instagram,3913,7859,62913,2025-09-01
M021,YouTube,55,70,1031,2025-09-01
M014,YouTube,11805,21853,123118,2025-09-01
M001,YouTube,3224,6617,50797,2025-09-01
M011,Instagram,20576,31533,1081182,2025-09-01
M011,TikTok,19019,23092,509742,2025-09-01
M011,YouTube,14316,29004,553626,2025-09-01
M014,Instagram,13090,7354,69820,2025-09-01
M014,TikTok,36354,63228,2109906,2025-09-01
M017,Instagram,17375,6998,188655,2025-09-01
M021,TikTok,77,143,3597,2025-09-01
M017,TikTok,19384,19871,266600,2025-09-01
M017,YouTube,11302,14216,169380,2025-09-01
M018,Instagram,346,272,20439,2025-09-01
M018,TikTok,549,874,1483544,2025-09-01
M018,YouTube,232,530,12527,2025-09-01
M021,Instagram,70,173,3420,2025-09-01
M034,YouTube,6765,10279,287624,2025-09-01
M035,Instagram,11286,22379,653575,2025-09-01
M035,TikTok,36404,65652,968067,2025-09-01
M083,Instagram,3064,1015,107084,2025-09-01
M078,Instagram,18486,19083,1100056,2025-09-01
M078,TikTok,40422,63831,760508,2025-09-01
M078,YouTube,11235,4043,150835,2025-09-01
M080,Instagram,11786,21718,214500,2025-09-01
M080,TikTok,24169,58619,32091016,2025-09-01
M080,YouTube,7697,11088,405257,2025-09-01
M083,TikTok,3885,8892,134721,2025-09-01
M071,TikTok,9225,8348,521532,2025-09-01
M083,YouTube,2787,3387,62825,2025-09-01
M086,Instagram,2133,4818,127221,2025-09-01
M086,TikTok,4810,11920,2308856,2025-09-01
M086,YouTube,1128,2000,57737,2025-09-01
M090,Instagram,5158,4565,205449,2025-09-01
M090,TikTok,9218,18064,542245,2025-09-01
M071,YouTube,6403,2482,87021,2025-09-01
M071,Instagram,4259,7453,190704,2025-09-01
M035,YouTube,9979,9877,418154,2025-09-01
M064,Instagram,8948,4325,184612,2025-09-01
M042,Instagram,9198,20118,142962,2025-09-01
M042,TikTok,19926,8683,843080,2025-09-01
M042,YouTube,3879,2682,177660,2025-09-01
M047,Instagram,4520,9809,78368,2025-09-01
M047,TikTok,11979,7800,8140134,2025-09-01
M047,YouTube,4979,11181,164804,2025-09-01
M064,TikTok,22638,42590,27629283,2025-09-01
M069,YouTube,7313,15075,383114,2025-09-01
M064,YouTube,11670,12907,636308,2025-09-01
M065,Instagram,2701,5451,104511,2025-09-01
M065,TikTok,3874,4947,109658,2025-09-01
M065,YouTube,2367,4727,101236,2025-09-01
M069,Instagram,14469,27789,159309,2025-09-01
M069,TikTok,24891,12424,1442530,2025-09-01
M229,TikTok,7342,5605,84167,2025-09-01
M500,YouTube,1821,1170,39496,2025-09-01
M235,Instagram,5578,4156,228356,2025-09-01
M262,Instagram,2606,948,70861,2025-09-01
M258,TikTok,11671,24613,424482,2025-09-01
M258,Instagram,4980,10884,62284,2025-09-01
M256,YouTube,5605,8050,296023,2025-09-01
M256,TikTok,9337,4924,458625,2025-09-01
M256,Instagram,6286,15568,120478,2025-09-01
M001,TikTok,6253,8612,295928,2025-09-01
M247,YouTube,13448,10117,665146,2025-09-01
M291,Instagram,2889,5113,81218,2025-09-01
M291,TikTok,4027,9674,215784,2025-09-01
M291,YouTube,1596,2747,10125,2025-09-01
M293,Instagram,10732,25423,309495,2025-09-01
M247,TikTok,20150,20924,41407070,2025-09-01
M293,TikTok,16396,6454,902281,2025-09-01
M293,YouTube,8506,12719,340201,2025-09-01
M247,Instagram,20533,28244,110697,2025-09-01
M258,YouTube,3064,4927,147196,2025-09-01
M262,TikTok,3926,4063,2452565,2025-09-01
M295,TikTok,21284,15075,324562,2025-09-01
M262,YouTube,1933,3555,81980,2025-09-01
M271,Instagram,9570,23173,233453,2025-09-01
M271,YouTube,8235,17022,165810,2025-09-01
M272,Instagram,13535,10268,189278,2025-09-01
M272,TikTok,14158,31233,559772,2025-09-01
M272,YouTube,5337,13065,122482,2025-09-01
M235,TikTok,12285,30671,413486,2025-09-01
M269,YouTube,4698,5784,184982,2025-09-01
M269,TikTok,8386,14071,8221805,2025-09-01
M269,Instagram,4594,11443,268493,2025-09-01
M285,Instagram,9083,3321,129719,2025-09-01
M285,TikTok,18080,23193,710970,2025-09-01
M285,YouTube,6560,3756,88675,2025-09-01
M263,YouTube,10503,9009,398086,2025-09-01
M263,TikTok,37044,81420,1346519,2025-09-01
M263,Instagram,16400,13548,730339,2025-09-01
M295,Instagram,12169,18205,260949,2025-09-01
M271,TikTok,27495,67435,181861,2025-09-01
M295,YouTube,6675,9062,88039,2025-09-01
M237,TikTok,7595,13795,341498,2025-09-01
M305,Instagram,11682,4440,322537,2025-09-01
M241,YouTube,6750,3138,116889,2025-09-01
M237,YouTube,6176,11881,309508,2025-09-01
M241,Instagram,11832,19371,67610,2025-09-01
M241,TikTok,36664,79522,415182,2025-09-01
M305,TikTok,23295,29250,363601,2025-09-01
M302,YouTube,707,625,16355,2025-09-01
M302,TikTok,3924,5673,90146,2025-09-01
M305,YouTube,9038,3552,190260,2025-09-01
M302,Instagram,1661,2295,35784,2025-09-01
M237,Instagram,8067,6899,461698,2025-09-01
M235,YouTube,6386,15960,64092,2025-09-01
M008,TikTok,270,487,1639,2025-06-01
M460,Instagram,16627,21985,719369,2025-06-01
M058,Instagram,294,592,12548,2025-06-01
M057,YouTube,2856,3621,160515,2025-06-01
M453,YouTube,6143,5188,181112,2025-06-01
M453,TikTok,7514,6756,193508,2025-06-01
M453,Instagram,8469,17469,240862,2025-06-01
M057,TikTok,13597,33307,484055,2025-06-01
M279,YouTube,7681,10929,95956,2025-06-01
M058,TikTok,449,1022,324466,2025-06-01
M279,TikTok,13345,25713,716127,2025-06-01
M279,Instagram,11657,23044,386865,2025-06-01
M460,TikTok,22589,21521,631880,2025-06-01
M073,Instagram,7083,4320,60439,2025-06-01
M450,YouTube,12368,26949,657364,2025-06-01
M450,TikTok,22072,25479,134300,2025-06-01
M460,YouTube,7456,3623,77767,2025-06-01
M498,TikTok,5729,5643,337104,2025-06-01
M327,TikTok,567,793,19024,2025-06-01
M327,YouTube,213,204,5583,2025-06-01
M008,Instagram,123,234,2828,2025-06-01
M058,YouTube,116,276,3586,2025-06-01
M007,YouTube,4465,5562,240401,2025-06-01
M059,Instagram,3141,2496,184148,2025-06-01
M457,YouTube,5974,2871,82780,2025-06-01
M457,TikTok,14478,9857,237413,2025-06-01
M457,Instagram,6321,11989,241714,2025-06-01
M059,TikTok,7401,14139,280058,2025-06-01
M059,YouTube,1891,4361,52334,2025-06-01
M287,YouTube,12634,13894,365536,2025-06-01
M287,TikTok,18964,17779,465766,2025-06-01
M073,TikTok,13122,12075,766926,2025-06-01
M287,Instagram,11677,28174,274426,2025-06-01
M007,TikTok,13426,6076,570649,2025-06-01
M498,Instagram,1526,3073,37987,2025-06-01
M327,Instagram,381,291,20541,2025-06-01
M450,Instagram,12591,7706,274123,2025-06-01
M448,TikTok,12175,29607,546530,2025-06-01
M073,YouTube,4996,4576,108800,2025-06-01
M442,YouTube,1860,2300,99203,2025-06-01
M442,Instagram,3216,3696,133245,2025-06-01
M082,TikTok,17374,38550,423368,2025-06-01
M082,YouTube,5106,10591,62054,2025-06-01
M274,YouTube,4793,3731,160044,2025-06-01
M274,TikTok,14646,33700,352418,2025-06-01
M274,Instagram,7211,2679,130254,2025-06-01
M333,Instagram,1277,2036,15805,2025-06-01
M333,TikTok,2562,1498,3466389,2025-06-01
M333,YouTube,1244,2488,47265,2025-06-01
M089,Instagram,14815,9318,486228,2025-06-01
M089,TikTok,30322,39037,529340,2025-06-01
M089,YouTube,12219,29380,65969,2025-06-01
M006,TikTok,26514,52431,556354,2025-06-01
M335,Instagram,9472,19844,487207,2025-06-01
M335,TikTok,27354,30375,498080,2025-06-01
M335,YouTube,9747,22946,404103,2025-06-01
M006,Instagram,7493,9523,332650,2025-06-01
M435,YouTube,8094,17945,460606,2025-06-01
M309,Instagram,14903,34637,684333,2025-06-01
M442,TikTok,8008,13057,128652,2025-06-01
M082,Instagram,12039,20449,167430,2025-06-01
M075,Instagram,10992,15365,378602,2025-06-01
M278,Instagram,11975,6857,338619,2025-06-01
M448,YouTube,4669,4916,150796,2025-06-01
M056,YouTube,3549,3883,209618,2025-06-01
M448,Instagram,11438,22894,648832,2025-06-01
M447,YouTube,3847,9496,209647,2025-06-01
M447,TikTok,5832,8279,172557,2025-06-01
M498,YouTube,1282,2097,32447,2025-06-01
M007,Instagram,6067,3658,187153,2025-06-01
M006,YouTube,5321,7120,28531,2025-06-01
M447,Instagram,5066,8086,133711,2025-06-01
M075,TikTok,25955,27437,335419,2025-06-01
M075,YouTube,5799,7429,329677,2025-06-01
M077,Instagram,10585,17389,632256,2025-06-01
M077,TikTok,33828,53405,1456486,2025-06-01
M077,YouTube,15738,36469,677034,2025-06-01
M330,Instagram,269,659,13627,2025-06-01
M330,TikTok,450,914,730715,2025-06-01
M330,YouTube,156,343,7124,2025-06-01
M278,YouTube,7362,9553,78642,2025-06-01
M278,TikTok,18730,39843,431894,2025-06-01
M057,Instagram,8948,18271,86444,2025-06-01
M055,TikTok,20750,42512,188511,2025-06-01
M056,TikTok,5893,4026,276360,2025-06-01
M294,Instagram,7498,12393,255319,2025-06-01
M493,Instagram,2222,4325,100915,2025-06-01
M319,Instagram,11082,13530,343757,2025-06-01
M319,TikTok,9377,11938,199955,2025-06-01
M319,YouTube,3910,5714,26446,2025-06-01
M493,TikTok,3994,5288,128724,2025-06-01
M493,YouTube,2571,1155,152751,2025-06-01
M321,Instagram,7821,7590,256085,2025-06-01
M321,TikTok,20565,10627,789151,2025-06-01
M321,YouTube,5852,6455,109021,2025-06-01
M033,Instagram,9867,17853,515979,2025-06-01
M033,TikTok,11287,4020,445305,2025-06-01
M033,YouTube,5364,6186,73056,2025-06-01
M290,YouTube,12943,10234,460503,2025-06-01
M290,TikTok,26305,17074,1036840,2025-06-01
M290,Instagram,15346,15732,474731,2025-06-01
M323,Instagram,12211,30281,217731,2025-06-01
M323,TikTok,32711,12188,37819440,2025-06-01
M323,YouTube,11919,23155,348582,2025-06-01
M036,Instagram,2273,2934,44179,2025-06-01
M297,YouTube,11906,20957,259878,2025-06-01
M294,TikTok,10455,24737,351134,2025-06-01
M056,Instagram,3361,5316,52095,2025-06-01
M294,YouTube,4617,5984,125720,2025-06-01
M316,Instagram,6739,12755,75479,2025-06-01
M316,TikTok,10091,24343,551857,2025-06-01
M316,YouTube,9218,21489,324863,2025-06-01
M022,Instagram,4381,1319,159246,2025-06-01
M488,YouTube,2836,6398,83035,2025-06-01
M488,TikTok,13942,4411,112938,2025-06-01
M488,Instagram,4479,2883,209653,2025-06-01
M487,YouTube,1250,816,59746,2025-06-01
M487,TikTok,3888,8664,103328,2025-06-01
M487,Instagram,1365,1238,25701,2025-06-01
M486,YouTube,3684,6953,84312,2025-06-01
M297,TikTok,39040,35127,1411542,2025-06-01
M486,TikTok,5310,3663,269895,2025-06-01
M486,Instagram,5033,2501,285485,2025-06-01
M485,YouTube,334,776,19101,2025-06-01
M485,TikTok,771,642,33403,2025-06-01
M485,Instagram,573,310,33951,2025-06-01
M022,TikTok,7389,8014,252580,2025-06-01
M022,YouTube,2977,6119,32736,2025-06-01
M036,TikTok,5835,4168,340016,2025-06-01
M036,YouTube,1921,892,54390,2025-06-01
M037,Instagram,11097,20671,247107,2025-06-01
M474,YouTube,5437,8474,216746,2025-06-01
M045,Instagram,7474,3159,277442,2025-06-01
M045,TikTok,14033,13759,95761,2025-06-01
M045,YouTube,7120,4698,80440,2025-06-01
M046,Instagram,16711,12132,301999,2025-06-01
M046,TikTok,33415,27021,1517309,2025-06-01
M046,YouTube,7100,11443,261205,2025-06-01
M288,YouTube,7458,16358,207359,2025-06-01
M288,TikTok,12374,13866,722083,2025-06-01
M010,YouTube,5558,4170,62861,2025-06-01
M288,Instagram,8507,12999,496318,2025-06-01
M053,Instagram,161,266,5233,2025-06-01
M053,TikTok,402,935,14076,2025-06-01
M010,TikTok,11592,24371,233070,2025-06-01
M010,Instagram,10922,7851,217832,2025-06-01
M008,YouTube,163,60,1844,2025-06-01
M053,YouTube,166,340,2074,2025-06-01
M055,Instagram,9766,18584,262507,2025-06-01
M297,Instagram,19242,29041,565704,2025-06-01
M055,YouTube,8929,10104,535473,2025-06-01
M435,TikTok,12130,5207,5837438,2025-06-01
M289,TikTok,18119,44839,25046528,2025-06-01
M289,YouTube,14896,6134,239092,2025-06-01
M038,TikTok,24701,26998,495877,2025-06-01
M474,TikTok,8232,4798,392431,2025-06-01
M474,Instagram,5092,12227,152662,2025-06-01
M473,YouTube,9924,9806,442773,2025-06-01
M473,TikTok,17813,8364,832670,2025-06-01
M473,Instagram,6799,16818,339412,2025-06-01
M037,TikTok,16138,20870,958188,2025-06-01
M037,YouTube,5060,1973,56899,2025-06-01
M038,Instagram,7386,18048,144771,2025-06-01
M038,YouTube,6353,12611,69422,2025-06-01
M041,YouTube,2463,2427,119818,2025-06-01
M039,Instagram,692,432,29226,2025-06-01
M039,TikTok,1092,361,1205294,2025-06-01
M039,YouTube,229,146,12093,2025-06-01
M040,Instagram,13245,12599,371635,2025-06-01
M040,TikTok,31477,26639,164952,2025-06-01
M040,YouTube,9317,19424,220868,2025-06-01
M041,Instagram,1899,2273,83201,2025-06-01
M041,TikTok,4725,6612,150259,2025-06-01
M289,Instagram,18316,37018,450329,2025-06-01
M100,YouTube,4008,5244,48542,2025-06-01
M435,Instagram,12046,14531,534721,2025-06-01
M185,Instagram,7896,11130,67055,2025-06-01
M185,YouTube,4783,5452,24096,2025-06-01
M186,Instagram,6742,7990,197347,2025-06-01
M385,YouTube,4281,1998,80934,2025-06-01
M385,TikTok,13953,7030,1251724,2025-06-01
M385,Instagram,6791,8274,238315,2025-06-01
M186,TikTok,15557,29810,576482,2025-06-01
M186,YouTube,8315,10287,126757,2025-06-01
M188,Instagram,6756,14341,79344,2025-06-01
M188,TikTok,20371,16043,344618,2025-06-01
M188,YouTube,8073,15114,334084,2025-06-01
M189,Instagram,1740,2495,38908,2025-06-01
M189,TikTok,1410,3098,20028,2025-06-01
M189,YouTube,1250,905,41907,2025-06-01
M190,Instagram,5911,12899,293100,2025-06-01
M190,TikTok,22037,11201,767080,2025-06-01
M190,YouTube,6897,7907,381322,2025-06-01
M380,YouTube,3438,4830,170322,2025-06-01
M380,TikTok,6200,5096,76799,2025-06-01
M380,Instagram,4930,6865,274536,2025-06-01
M351,Instagram,8038,15084,56805,2025-06-01
M351,TikTok,16373,21411,438128,2025-06-01
M185,TikTok,11337,4523,262524,2025-06-01
M183,YouTube,11459,10507,562887,2025-06-01
M164,YouTube,3542,3868,112556,2025-06-01
M183,TikTok,19936,28414,725384,2025-06-01
M166,TikTok,15911,29486,348355,2025-06-01
M166,YouTube,8108,4142,258813,2025-06-01
M255,YouTube,8980,9643,401352,2025-06-01
M255,TikTok,27994,36641,225210,2025-06-01
M255,Instagram,18576,16880,890610,2025-06-01
M254,YouTube,11294,9542,429691,2025-06-01
M254,TikTok,27367,63896,1010362,2025-06-01
M170,Instagram,10603,3453,307223,2025-06-01
M170,TikTok,37084,71207,1254197,2025-06-01
M170,YouTube,13398,15906,404295,2025-06-01
M254,Instagram,13189,19395,210096,2025-06-01
M248,YouTube,10115,19820,70009,2025-06-01
M248,TikTok,22933,34720,790781,2025-06-01
M248,Instagram,17619,28009,580347,2025-06-01
M182,Instagram,256,596,8879,2025-06-01
M182,TikTok,330,422,6106,2025-06-01
M182,YouTube,101,212,3327,2025-06-01
M183,Instagram,12973,25209,106076,2025-06-01
M388,YouTube,32,18,751,2025-06-01
M388,TikTok,157,148,147532,2025-06-01
M388,Instagram,42,45,2221,2025-06-01
M197,Instagram,258,144,7414,2025-06-01
M378,YouTube,12809,4572,353395,2025-06-01
M378,TikTok,27586,29783,1534872,2025-06-01
M378,Instagram,11761,6019,326260,2025-06-01
M216,YouTube,998,1794,26005,2025-06-01
M355,YouTube,11275,5501,166336,2025-06-01
M243,Instagram,6234,11828,357157,2025-06-01
M220,Instagram,24460,20885,614038,2025-06-01
M367,YouTube,8939,15683,334786,2025-06-01
M367,TikTok,25431,42265,1150644,2025-06-01
M367,Instagram,14528,19510,96321,2025-06-01
M366,YouTube,237,153,8183,2025-06-01
M366,TikTok,656,648,37097,2025-06-01
M366,Instagram,284,709,3889,2025-06-01
M220,TikTok,32541,47509,1076883,2025-06-01
M220,YouTube,6985,6121,187331,2025-06-01
M222,Instagram,13294,13154,119300,2025-06-01
M222,TikTok,27933,21601,1539717,2025-06-01
M222,YouTube,9150,4812,436843,2025-06-01
M225,Instagram,7919,13043,248144,2025-06-01
M225,TikTok,16691,30106,416162,2025-06-01
M225,YouTube,3996,3630,147590,2025-06-01
M228,Instagram,11265,28062,557559,2025-06-01
M228,TikTok,10015,11076,375482,2025-06-01
M228,YouTube,4501,5869,264522,2025-06-01
M216,TikTok,4878,9467,489249,2025-06-01
M216,Instagram,1776,2965,64152,2025-06-01
M355,TikTok,15723,11285,194027,2025-06-01
M203,YouTube,13830,18045,328136,2025-06-01
M197,TikTok,834,366,7925,2025-06-01
M197,YouTube,302,664,13310,2025-06-01
M351,YouTube,11444,24509,237418,2025-06-01
M245,YouTube,10345,4403,341286,2025-06-01
M200,Instagram,13902,16543,488189,2025-06-01
M200,TikTok,33037,36026,12352599,2025-06-01
M200,YouTube,5628,4377,158825,2025-06-01
M203,Instagram,18279,38119,835553,2025-06-01
M203,TikTok,39131,90227,270404,2025-06-01
M245,TikTok,16816,12209,251672,2025-06-01
M355,Instagram,8093,12720,384890,2025-06-01
M245,Instagram,13781,16091,103054,2025-06-01
M244,YouTube,1700,3001,44694,2025-06-01
M206,Instagram,11538,23931,181594,2025-06-01
M206,TikTok,10249,24228,596446,2025-06-01
M206,YouTube,6227,10498,73419,2025-06-01
M244,TikTok,5544,1989,166211,2025-06-01
M244,Instagram,2340,5364,40550,2025-06-01
M243,YouTube,5978,7846,229005,2025-06-01
M243,TikTok,12811,30160,611770,2025-06-01
M166,Instagram,13311,23102,349266,2025-06-01
M164,TikTok,10665,9790,287147,2025-06-01
M097,Instagram,16,19,222,2025-06-01
M270,TikTok,22423,51071,860770,2025-06-01
M108,Instagram,9489,4730,463508,2025-06-01
M108,TikTok,10382,15715,74056,2025-06-01
M108,YouTube,7092,7644,258447,2025-06-01
M109,Instagram,7985,16752,306847,2025-06-01
M109,TikTok,13928,8354,767423,2025-06-01
M109,YouTube,4833,4666,26334,2025-06-01
M110,Instagram,382,368,22147,2025-06-01
M110,TikTok,1299,1138,42384,2025-06-01
M110,YouTube,226,174,10665,2025-06-01
M112,Instagram,14846,5741,311023,2025-06-01
M420,YouTube,2522,2159,16921,2025-06-01
M420,TikTok,8279,18046,412163,2025-06-01
M420,Instagram,2105,2642,76922,2025-06-01
M419,YouTube,3771,4070,59945,2025-06-01
M419,TikTok,9939,3514,135605,2025-06-01
M419,Instagram,4559,2768,28346,2025-06-01
M112,TikTok,24557,37647,342615,2025-06-01
M112,YouTube,7941,12096,321291,2025-06-01
M265,YouTube,9499,23028,323194,2025-06-01
M265,TikTok,21642,48698,1082680,2025-06-01
M265,Instagram,15112,29595,777908,2025-06-01
M270,Instagram,13350,8673,678677,2025-06-01
M270,YouTube,8544,9726,145606,2025-06-01
M164,Instagram,8773,13004,435038,2025-06-01
M105,YouTube,2103,4349,15183,2025-06-01
M097,TikTok,30,26,666,2025-06-01
M097,YouTube,11,10,151,2025-06-01
M098,Instagram,13121,4629,466237,2025-06-01
M098,TikTok,20240,8706,244550,2025-06-01
M098,YouTube,7094,17036,260176,2025-06-01
M099,Instagram,4590,10922,148871,2025-06-01
M099,TikTok,13959,15732,487679,2025-06-01
M099,YouTube,3861,6463,87358,2025-06-01
M100,Instagram,6966,2348,79643,2025-06-01
M100,TikTok,15423,11640,314801,2025-06-01
M103,Instagram,13232,12713,331464,2025-06-01
M103,TikTok,33410,71752,1816380,2025-06-01
M103,YouTube,10774,25561,462552,2025-06-01
M105,Instagram,4704,8756,47459,2025-06-01
M428,YouTube,5140,12254,150753,2025-06-01
M428,TikTok,8081,8762,392920,2025-06-01
M428,Instagram,5107,8833,216303,2025-06-01
M427,YouTube,2710,1595,120636,2025-06-01
M427,TikTok,3385,1929,306926,2025-06-01
M427,Instagram,1884,2854,33398,2025-06-01
M105,TikTok,9941,11167,211214,2025-06-01
M119,Instagram,294,663,13679,2025-06-01
M119,TikTok,886,2158,50923,2025-06-01
M119,YouTube,260,294,12332,2025-06-01
M340,Instagram,88,133,3134,2025-06-01
M259,YouTube,9436,10963,554095,2025-06-01
M259,TikTok,28202,11247,62414402,2025-06-01
M152,Instagram,18928,36878,972008,2025-06-01
M152,TikTok,15638,6296,289744,2025-06-01
M152,YouTube,6431,10864,298075,2025-06-01
M156,Instagram,8172,12986,264876,2025-06-01
M156,TikTok,16437,5057,20362388,2025-06-01
M156,YouTube,7354,14417,61446,2025-06-01
M259,Instagram,9760,4834,144908,2025-06-01
M401,YouTube,6310,5688,364693,2025-06-01
M401,TikTok,17168,21297,542356,2025-06-01
M401,Instagram,15705,5505,678033,2025-06-01
M160,Instagram,4744,5161,242444,2025-06-01
M160,TikTok,5397,10207,254677,2025-06-01
M160,YouTube,2096,1255,60566,2025-06-01
M163,Instagram,3611,5723,46371,2025-06-01
M398,YouTube,8210,12181,403415,2025-06-01
M398,TikTok,17262,20869,530618,2025-06-01
M398,Instagram,8499,20108,283766,2025-06-01
M163,TikTok,4697,11077,32275,2025-06-01
M163,YouTube,1416,1040,25243,2025-06-01
M309,TikTok,29415,71631,1338891,2025-06-01
M141,YouTube,2171,4741,115209,2025-06-01
M141,TikTok,8153,10489,467673,2025-06-01
M126,TikTok,16988,24488,471098,2025-06-01
M340,TikTok,123,210,4202,2025-06-01
M340,YouTube,95,192,2428,2025-06-01
M264,YouTube,11602,28474,370223,2025-06-01
M264,TikTok,23302,28071,35374165,2025-06-01
M264,Instagram,19331,46882,1063349,2025-06-01
M413,YouTube,3789,2760,134637,2025-06-01
M413,TikTok,16849,29404,980810,2025-06-01
M413,Instagram,7574,6766,292827,2025-06-01
M126,Instagram,5968,10913,164810,2025-06-01
M126,YouTube,5617,7007,176252,2025-06-01
M407,Instagram,4239,3801,231848,2025-06-01
M127,Instagram,1705,2353,16808,2025-06-01
M127,TikTok,2042,1636,61577,2025-06-01
M127,YouTube,940,1196,25361,2025-06-01
M129,Instagram,303,450,3485,2025-06-01
M129,TikTok,719,1666,37593,2025-06-01
M129,YouTube,213,305,3014,2025-06-01
M141,Instagram,2712,5062,55902,2025-06-01
M407,YouTube,4518,8140,96147,2025-06-01
M407,TikTok,12494,9185,641669,2025-06-01
M309,YouTube,6879,4350,262589,2025-06-01
